platform,release_date,game_name,db_name,year
PC,"Aug 11, 2003",Madden NFL 2004,Madden NFL 2004,2003.0
PS2,"Aug 11, 2003",Madden NFL 2004,Madden NFL 2004,2003.0
XB,"Aug 11, 2003",Madden NFL 2004,Madden NFL 2004,2003.0
GC,"Aug 11, 2003",Madden NFL 2004,Madden NFL 2004,2003.0
PC,"Nov 04, 2003",FIFA Soccer 2004,FIFA Soccer 2004,2003.0
PS2,"Nov 07, 2003",FIFA Soccer 2004,FIFA Soccer 2004,2003.0
XB,"Oct 24, 2003",FIFA Soccer 2004,FIFA Soccer 2004,2003.0
GC,"Oct 24, 2003",FIFA Soccer 2004,FIFA Soccer 2004,2003.0
Wii,"Sep 23, 2008",LEGO Batman: The Videogame,LEGO Batman: The Videogame,2008.0
PS2,"Sep 23, 2008",LEGO Batman: The Videogame,LEGO Batman: The Videogame,2008.0
PS2,"Nov 11, 2005",WWE SmackDown! vs. Raw 2006,wwe Smackdown vs. Raw 2006,2005.0
PSP,"Nov 14, 2005",WWE SmackDown! vs. Raw 2006,wwe Smackdown vs. Raw 2006,2005.0
2600,TBD,Space Invaders,Space Invaders,
Wii,"Nov 20, 2007",Rock Band,Rock Band,2007.0
PS2,"Dec 17, 2007",Rock Band,Rock Band,2007.0
PS3,"Jun 22, 2008",Rock Band,Rock Band,2008.0
X360,"Nov 20, 2007",Rock Band,Rock Band,2007.0
GBA,"Nov 30, 2001",Frogger's Adventures: Temple of the Frog,Frogger's Adventures: Temple of the Frog,2001.0
Wii,"Jun 03, 2008",LEGO Indiana Jones: The Original Adventures,LEGO Indiana Jones: The Original Adventures,2008.0
PC,"Jun 03, 2008",LEGO Indiana Jones: The Original Adventures,LEGO Indiana Jones: The Original Adventures,2008.0
PS2,"Jun 03, 2008",LEGO Indiana Jones: The Original Adventures,LEGO Indiana Jones: The Original Adventures,2008.0
PS3,"Jun 03, 2008",LEGO Indiana Jones: The Original Adventures,LEGO Indiana Jones: The Original Adventures,2008.0
X360,"Jun 03, 2008",LEGO Indiana Jones: The Original Adventures,LEGO Indiana Jones: The Original Adventures,2008.0
PSP,"Jun 06, 2008",LEGO Indiana Jones: The Original Adventures,LEGO Indiana Jones: The Original Adventures,2008.0
Wii,"Nov 07, 2006",Call of Duty 3,Call of Duty 3,2006.0
PS2,"Nov 07, 2006",Call of Duty 3,Call of Duty 3,2006.0
PS3,"Nov 07, 2006",Call of Duty 3,Call of Duty 3,2006.0
XB,"Nov 14, 2006",Call of Duty 3,Call of Duty 3,2006.0
X360,"Nov 14, 2006",Call of Duty 3,Call of Duty 3,2006.0
Wii,"Nov 20, 2007",Rock Band,Rock Band,2007.0
PS2,"Dec 17, 2007",Rock Band,Rock Band,2007.0
PS3,"Jun 22, 2008",Rock Band,Rock Band,2008.0
X360,"Nov 20, 2007",Rock Band,Rock Band,2007.0
Wii,"Nov 09, 2010",Call of Duty: Black Ops,Call of Duty: Black Ops,2010.0
PC,"Nov 09, 2010",Call of Duty: Black Ops,Call of Duty: Black Ops,2010.0
PS3,"Nov 18, 2010",Call of Duty: Black Ops,Call of Duty: Black Ops,2010.0
X360,"Nov 09, 2010",Call of Duty: Black Ops,Call of Duty: Black Ops,2010.0
DS,"Sep 01, 2011",Call of Duty: Black Ops,Call of Duty: Black Ops,2011.0
Wii,"Nov 20, 2007",Rock Band,Rock Band,2007.0
PS2,"Dec 17, 2007",Rock Band,Rock Band,2007.0
PS3,"Jun 22, 2008",Rock Band,Rock Band,2008.0
X360,"Nov 20, 2007",Rock Band,Rock Band,2007.0
PC,"Mar 28, 1998",Triple Play 99,Triple Play 99,1998.0
PS,TBD,Triple Play 99,Triple Play 99,
2600,Dec 1979,Adventure,Adventure,1979.0
PSP,"Sep 23, 2008",LEGO Batman: The Videogame,LEGO Batman: The Videogame,2008.0
2600,1982,Combat Two,Combat,1982.0
Wii,"Mar 09, 2012",LEGO Harry Potter: Years 5-7,LEGO Harry Potter: Years 5-7,2012.0
PC,"Mar 06, 2012",LEGO Harry Potter: Years 5-7,LEGO Harry Potter: Years 5-7,2012.0
PS3,"Nov 11, 2011",LEGO Harry Potter: Years 5-7,LEGO Harry Potter: Years 5-7,2011.0
X360,"Mar 22, 2012",LEGO Harry Potter: Years 5-7,LEGO Harry Potter: Years 5-7,2012.0
PSP,"Mar 06, 2012",LEGO Harry Potter: Years 5-7,LEGO Harry Potter: Years 5-7,2012.0
PSV,"Nov 11, 2011",LEGO Harry Potter: Years 5-7,LEGO Harry Potter: Years 5-7,2011.0
PC,"Sep 19, 2002",NASCAR Thunder 2003,NASCAR Thunder 2003,2002.0
PS2,"Sep 19, 2002",NASCAR Thunder 2003,NASCAR Thunder 2003,2002.0
XB,"Sep 29, 2002",NASCAR Thunder 2003,NASCAR Thunder 2003,2002.0
GC,"Oct 16, 2002",NASCAR Thunder 2003,NASCAR Thunder 2003,2002.0
PC,"Oct 01, 2002",Hitman 2: Silent Assassin,Hitman 2: Silent Assassin,2002.0
PS2,"Oct 01, 2002",Hitman 2: Silent Assassin,Hitman 2: Silent Assassin,2002.0
XB,"Sep 30, 2002",Hitman 2: Silent Assassin,Hitman 2: Silent Assassin,2002.0
GC,"Jun 19, 2003",Hitman 2: Silent Assassin,Hitman 2: Silent Assassin,2003.0
Wii,"Nov 20, 2007",Rock Band,Rock Band,2007.0
PS2,"Dec 17, 2007",Rock Band,Rock Band,2007.0
PS3,"Jun 22, 2008",Rock Band,Rock Band,2008.0
X360,"Nov 20, 2007",Rock Band,Rock Band,2007.0
PC,"Jan 27, 2007",Legacy of Kain: Soul Reaver,Legacy of Kain: Soul Reaver,2007.0
PS,"Sep 08, 1999",Legacy of Kain: Soul Reaver,Legacy of Kain: Soul Reaver,1999.0
PS3,"Aug 16, 1999",Legacy of Kain: Soul Reaver,Legacy of Kain: Soul Reaver,1999.0
PSP,1999,Legacy of Kain: Soul Reaver,Legacy of Kain: Soul Reaver,1999.0
GB,"Feb 26, 2015",Donkey Kong Land III,Donkey Kong Land III,2015.0
3DS,"Oct 01, 1997",Donkey Kong Land III,Donkey Kong Land III,1997.0
PC,"Jun 16, 2010",Air-Sea Battle,Air-Sea Battle,2010.0
2600,"Sep 11, 1977",Air-Sea Battle,Air-Sea Battle,1977.0
PS2,"Jul 11, 2002",Suikoden III,Suikoden III,2002.0
PS3,"Oct 22, 2002",Suikoden III,Suikoden III,2002.0
Wii,"Mar 09, 2012",LEGO Harry Potter: Years 5-7,LEGO Harry Potter: Years 5-7,2012.0
PC,"Mar 06, 2012",LEGO Harry Potter: Years 5-7,LEGO Harry Potter: Years 5-7,2012.0
PS3,"Nov 11, 2011",LEGO Harry Potter: Years 5-7,LEGO Harry Potter: Years 5-7,2011.0
X360,"Mar 22, 2012",LEGO Harry Potter: Years 5-7,LEGO Harry Potter: Years 5-7,2012.0
PSP,"Mar 06, 2012",LEGO Harry Potter: Years 5-7,LEGO Harry Potter: Years 5-7,2012.0
PSV,"Nov 11, 2011",LEGO Harry Potter: Years 5-7,LEGO Harry Potter: Years 5-7,2011.0
PS2,"Nov 12, 2003",Wheel of Fortune 2003,Wheel of Fortune,2003.0
PS3,"Mar 08, 2010",Yakuza 4,Yakuza 4,2010.0
Wii,"Mar 09, 2012",LEGO Harry Potter: Years 5-7,LEGO Harry Potter: Years 5-7,2012.0
PC,"Mar 06, 2012",LEGO Harry Potter: Years 5-7,LEGO Harry Potter: Years 5-7,2012.0
PS3,"Nov 11, 2011",LEGO Harry Potter: Years 5-7,LEGO Harry Potter: Years 5-7,2011.0
X360,"Mar 22, 2012",LEGO Harry Potter: Years 5-7,LEGO Harry Potter: Years 5-7,2012.0
PSP,"Mar 06, 2012",LEGO Harry Potter: Years 5-7,LEGO Harry Potter: Years 5-7,2012.0
PSV,"Nov 11, 2011",LEGO Harry Potter: Years 5-7,LEGO Harry Potter: Years 5-7,2011.0
PC,"Aug 30, 2005",Namco Museum 50th Anniversary,Namco Museum,2005.0
PS2,"May 05, 2006",Namco Museum 50th Anniversary,Namco Museum,2006.0
XB,"Aug 30, 2005",Namco Museum 50th Anniversary,Namco Museum,2005.0
GC,"Mar 31, 2006",Namco Museum 50th Anniversary,Namco Museum,2006.0
Wii,"Jul 21, 2011",Rhythm Heaven Fever,Rhythm Heaven,2011.0
PC,"Nov 01, 2011",The Lord of the Rings: War in the North,The Lord of the Rings: War in the North,2011.0
PS3,"Nov 01, 2011",The Lord of the Rings: War in the North,The Lord of the Rings: War in the North,2011.0
X360,"Nov 01, 2011",The Lord of the Rings: War in the North,The Lord of the Rings: War in the North,2011.0
PSP,"Aug 22, 2006",Madden NFL 07,Madden NFL 07,2006.0
PC,"Nov 01, 2011",The Lord of the Rings: War in the North,The Lord of the Rings: War in the North,2011.0
PS3,"Nov 01, 2011",The Lord of the Rings: War in the North,The Lord of the Rings: War in the North,2011.0
X360,"Nov 01, 2011",The Lord of the Rings: War in the North,The Lord of the Rings: War in the North,2011.0
Wii,"Nov 16, 2008",Shaun White Snowboarding,Shaun White Snowboarding,2008.0
PC,"Nov 16, 2008",Shaun White Snowboarding,Shaun White Snowboarding,2008.0
PS2,"Nov 16, 2008",Shaun White Snowboarding,Shaun White Snowboarding,2008.0
PS3,"Nov 16, 2008",Shaun White Snowboarding,Shaun White Snowboarding,2008.0
X360,"Nov 16, 2008",Shaun White Snowboarding,Shaun White Snowboarding,2008.0
DS,"Nov 16, 2008",Shaun White Snowboarding,Shaun White Snowboarding,2008.0
PSP,"Nov 16, 2008",Shaun White Snowboarding,Shaun White Snowboarding,2008.0
GBA,"Oct 14, 2004",WarioWare: Twisted!,WarioWare: Twisted!,2004.0
Wii,"Aug 10, 2010",Madden NFL 11,Madden NFL 11,2010.0
PC,"Feb 08, 2011",Test Drive Unlimited 2,Test Drive Unlimited 2,2011.0
PS3,"Feb 08, 2011",Test Drive Unlimited 2,Test Drive Unlimited 2,2011.0
X360,"Feb 10, 2011",Test Drive Unlimited 2,Test Drive Unlimited 2,2011.0
GBA,"Nov 14, 2005","The Chronicles of Narnia: The Lion, the Witch and the Wardrobe","The Chronicles of Narnia: The Lion, The Witch and The Wardrobe",2005.0
DS,"Nov 18, 2011",LEGO Harry Potter: Years 5-7,LEGO Harry Potter: Years 5-7,2011.0
3DS,"Nov 18, 2011",LEGO Harry Potter: Years 5-7,LEGO Harry Potter: Years 5-7,2011.0
PS2,"Feb 16, 2006",Monster Hunter 2,Monster Hunter 2,2006.0
PC,"Nov 04, 2002",Metal Gear Solid 2: Substance,Metal Gear Solid 2: Substance,2002.0
PS2,"Mar 07, 2003",Metal Gear Solid 2: Substance,Metal Gear Solid 2: Substance,2003.0
XB,"Dec 19, 2002",Metal Gear Solid 2: Substance,Metal Gear Solid 2: Substance,2002.0
PC,"Feb 08, 2011",Test Drive Unlimited 2,Test Drive Unlimited 2,2011.0
PS3,"Feb 08, 2011",Test Drive Unlimited 2,Test Drive Unlimited 2,2011.0
X360,"Feb 10, 2011",Test Drive Unlimited 2,Test Drive Unlimited 2,2011.0
DS,"Jan 21, 2008",Advance Wars: Days of Ruin,Advance Wars: Days of Ruin,2008.0
Wii,"Nov 30, 2007",The Golden Compass,The Golden Compass,2007.0
PC,"Nov 30, 2007",The Golden Compass,The Golden Compass,2007.0
PS2,"Nov 30, 2007",The Golden Compass,The Golden Compass,2007.0
PS3,"Nov 30, 2007",The Golden Compass,The Golden Compass,2007.0
X360,"Nov 30, 2007",The Golden Compass,The Golden Compass,2007.0
DS,"Nov 30, 2007",The Golden Compass,The Golden Compass,2007.0
PSP,"Nov 30, 2007",The Golden Compass,The Golden Compass,2007.0
X360,"Aug 08, 2005",Madden NFL 06,Madden NFL 06,2005.0
PS2,"Nov 11, 2002",NASCAR: Dirt to Daytona,NASCAR: Dirt to Daytona,2002.0
GC,"Nov 27, 2002",NASCAR: Dirt to Daytona,NASCAR: Dirt to Daytona,2002.0
PC,"Sep 12, 2001",Madden NFL 2002,Madden NFL 2002,2001.0
PS2,"Sep 12, 2001",Madden NFL 2002,Madden NFL 2002,2001.0
XB,"Sep 12, 2001",Madden NFL 2002,Madden NFL 2002,2001.0
GC,"Sep 12, 2001",Madden NFL 2002,Madden NFL 2002,2001.0
PS2,"Sep 20, 2004",Def Jam: Fight for NY,Def Jam: Fight for NY,2004.0
XB,"Sep 20, 2004",Def Jam: Fight for NY,Def Jam: Fight for NY,2004.0
GC,"Sep 20, 2004",Def Jam: Fight for NY,Def Jam: Fight for NY,2004.0
PS2,"Apr 28, 2003",NBA Street Vol. 2,NBA Street Vol. 2,2003.0
XB,"Apr 28, 2003",NBA Street Vol. 2,NBA Street Vol. 2,2003.0
GC,"Apr 28, 2003",NBA Street Vol. 2,NBA Street Vol. 2,2003.0
2600,1980,Fishing Derby,Fishing Derby,1980.0
PS3,"Sep 15, 2009",Wet,Wet,2009.0
X360,"Sep 18, 2009",Wet,Wet,2009.0
PS3,"Nov 14, 2006",Sonic the Hedgehog,Sonic the Hedgehog,2006.0
X360,"Nov 24, 2006",Sonic the Hedgehog,Sonic the Hedgehog,2006.0
2600,Q4 1982,Karate,Karate,1982.0
Wii,"Mar 13, 2007",Tiger Woods PGA Tour 07,Tiger Woods PGA Tour 07,2007.0
PC,"Oct 10, 2006",Tiger Woods PGA Tour 07,Tiger Woods PGA Tour 07,2006.0
PS2,"Oct 10, 2006",Tiger Woods PGA Tour 07,Tiger Woods PGA Tour 07,2006.0
PS3,"Oct 10, 2006",Tiger Woods PGA Tour 07,Tiger Woods PGA Tour 07,2006.0
XB,"Oct 10, 2006",Tiger Woods PGA Tour 07,Tiger Woods PGA Tour 07,2006.0
X360,"Oct 17, 2006",Tiger Woods PGA Tour 07,Tiger Woods PGA Tour 07,2006.0
PSP,"Nov 21, 2006",Tiger Woods PGA Tour 07,Tiger Woods PGA Tour 07,2006.0
2600,1980,Circus Atari,Circus Atari,1980.0
PC,"Jun 01, 2004",The Chronicles of Riddick: Escape from Butcher Bay,The Chronicles of Riddick: Escape from Butcher Bay,2004.0
PS3,"Aug 13, 2004",The Chronicles of Riddick: Escape from Butcher Bay,The Chronicles of Riddick: Escape from Butcher Bay,2004.0
XB,"Jul 22, 2004",The Chronicles of Riddick: Escape from Butcher Bay,The Chronicles of Riddick: Escape from Butcher Bay,2004.0
X360,"Dec 03, 2004",The Chronicles of Riddick: Escape from Butcher Bay,The Chronicles of Riddick: Escape from Butcher Bay,2004.0
2600,1978,Maze Craze: A Game of Cops 'n Robbers,Maze Craze: A Game of Cops 'n Robbers,1978.0
PC,"Sep 30, 2008",Silent Hill: Homecoming,Silent Hill: Homecoming,2008.0
PS3,"Feb 27, 2009",Silent Hill: Homecoming,Silent Hill: Homecoming,2009.0
X360,"Sep 30, 2008",Silent Hill: Homecoming,Silent Hill: Homecoming,2008.0
2600,1981,Super Breakout,Super Breakout,1981.0
PS3,"Jun 03, 2008",Robert Ludlum's: The Bourne Conspiracy,Robert Ludlum's The Bourne Conspiracy,2008.0
X360,"Jun 03, 2008",Robert Ludlum's: The Bourne Conspiracy,Robert Ludlum's The Bourne Conspiracy,2008.0
Wii,"Sep 07, 2010",NHL Slapshot,NHL Slapshot,2010.0
PC,"May 01, 2012",Tera,TERA,2012.0
DS,"Nov 18, 2011",LEGO Harry Potter: Years 5-7,LEGO Harry Potter: Years 5-7,2011.0
3DS,"Nov 18, 2011",LEGO Harry Potter: Years 5-7,LEGO Harry Potter: Years 5-7,2011.0
PS2,"Jul 05, 2001",Harvest Moon: Save the Homeland,Harvest Moon: Save the Homeland,2001.0
PS3,"Nov 01, 2011",Harvest Moon: Save the Homeland,Harvest Moon: Save the Homeland,2011.0
PS3,"Jun 03, 2008",Robert Ludlum's: The Bourne Conspiracy,Robert Ludlum's The Bourne Conspiracy,2008.0
X360,"Jun 03, 2008",Robert Ludlum's: The Bourne Conspiracy,Robert Ludlum's The Bourne Conspiracy,2008.0
PC,"Sep 30, 2008",Silent Hill: Homecoming,Silent Hill: Homecoming,2008.0
PS3,"Feb 27, 2009",Silent Hill: Homecoming,Silent Hill: Homecoming,2009.0
X360,"Sep 30, 2008",Silent Hill: Homecoming,Silent Hill: Homecoming,2008.0
2600,1978,Hangman,Hangman,1978.0
Wii,"Nov 30, 2007",The Golden Compass,The Golden Compass,2007.0
PC,"Nov 30, 2007",The Golden Compass,The Golden Compass,2007.0
PS2,"Nov 30, 2007",The Golden Compass,The Golden Compass,2007.0
PS3,"Nov 30, 2007",The Golden Compass,The Golden Compass,2007.0
X360,"Nov 30, 2007",The Golden Compass,The Golden Compass,2007.0
DS,"Nov 30, 2007",The Golden Compass,The Golden Compass,2007.0
PSP,"Nov 30, 2007",The Golden Compass,The Golden Compass,2007.0
PC,"Oct 07, 2002",NBA Live 2003,NBA Live 2003,2002.0
PS,"Oct 07, 2002",NBA Live 2003,NBA Live 2003,2002.0
PS2,"Oct 07, 2002",NBA Live 2003,NBA Live 2003,2002.0
XB,"Oct 07, 2002",NBA Live 2003,NBA Live 2003,2002.0
GC,"Oct 07, 2002",NBA Live 2003,NBA Live 2003,2002.0
GBA,"Jul 24, 2002",Cubix: Robots for Everyone - Clash 'n Bash,Cubix Robots for Everyone: Clash 'n' Bash,2002.0
PC,"Aug 26, 2011",Tropico 4,Tropico 4,2011.0
X360,"Oct 21, 2011",Tropico 4,Tropico 4,2011.0
PC,2012,Bejeweled 3,Bejeweled 3,2012.0
PS3,"Nov 15, 2011",Bejeweled 3,Bejeweled 3,2011.0
X360,"Oct 19, 2011",Bejeweled 3,Bejeweled 3,2011.0
DS,"Nov 15, 2011",Bejeweled 3,Bejeweled 3,2011.0
N64,TBD,Custom Robo,Custom Robo,
PC,"Nov 07, 2002",Final Fantasy XI Online,Final Fantasy XI,2002.0
PS2,"Oct 28, 2003",Final Fantasy XI Online,Final Fantasy XI,2003.0
X360,"Sep 17, 2004",Final Fantasy XI Online,Final Fantasy XI,2004.0
PC,"Jun 25, 2010",Singularity,Singularity,2010.0
PS3,"Jul 01, 2010",Singularity,Singularity,2010.0
X360,"Jun 25, 2010",Singularity,Singularity,2010.0
2600,"Feb 01, 1980",Dragster,Dragster,1980.0
PS2,"Apr 08, 2004",All-Star Baseball 2005,All-Star Baseball 2005,2004.0
XB,"Mar 23, 2004",All-Star Baseball 2005,All-Star Baseball 2005,2004.0
PC,"Nov 19, 2002",Star Wars: Jedi Knight II - Jedi Outcast,Star Wars Jedi Knight II: Jedi Outcast,2002.0
XB,"Nov 19, 2002",Star Wars: Jedi Knight II - Jedi Outcast,Star Wars Jedi Knight II: Jedi Outcast,2002.0
GC,"Mar 26, 2002",Star Wars: Jedi Knight II - Jedi Outcast,Star Wars Jedi Knight II: Jedi Outcast,2002.0
2600,1979,Slot Machine,Slot Machine,1979.0
PS,"Dec 07, 2000",The Dukes of Hazzard II: Daisy Dukes it Out,The Dukes of Hazzard II: Daisy Dukes It Out,2000.0
DS,"Jul 08, 2010",Harvest Moon: The Tale of Two Towns,Harvest Moon: The Tale of Two Towns,2010.0
3DS,"Sep 20, 2011",Harvest Moon: The Tale of Two Towns,Harvest Moon: The Tale of Two Towns,2011.0
PC,"Oct 07, 2002",NBA Live 2003,NBA Live 2003,2002.0
PS,"Oct 07, 2002",NBA Live 2003,NBA Live 2003,2002.0
PS2,"Oct 07, 2002",NBA Live 2003,NBA Live 2003,2002.0
XB,"Oct 07, 2002",NBA Live 2003,NBA Live 2003,2002.0
GC,"Oct 07, 2002",NBA Live 2003,NBA Live 2003,2002.0
DS,"May 15, 2007",Shrek the Third,Shrek the Third,2007.0
GBA,"May 08, 2007",Shrek the Third,Shrek the Third,2007.0
PS2,"Oct 24, 2006",Nicktoons: Battle for Volcano Island,Nicktoons: Battle for Volcano Island,2006.0
GC,"Oct 24, 2006",Nicktoons: Battle for Volcano Island,Nicktoons: Battle for Volcano Island,2006.0
PS2,"Nov 18, 2002",Haven: Call of the King,Haven: Call of the King,2002.0
XB,"Nov 22, 2002",Haven: Call of the King,Haven: Call of the King,2002.0
GC,TBD,Haven: Call of the King,Haven: Call of the King,
XB,"Apr 18, 2005",Unreal Championship 2: The Liandri Conflict,Unreal Championship 2: The Liandri Conflict,2005.0
PC,"Nov 14, 2005","The Chronicles of Narnia: The Lion, the Witch and the Wardrobe","The Chronicles of Narnia: The Lion, The Witch and The Wardrobe",2005.0
PS2,"Nov 14, 2005","The Chronicles of Narnia: The Lion, the Witch and the Wardrobe","The Chronicles of Narnia: The Lion, The Witch and The Wardrobe",2005.0
XB,"Nov 14, 2005","The Chronicles of Narnia: The Lion, the Witch and the Wardrobe","The Chronicles of Narnia: The Lion, The Witch and The Wardrobe",2005.0
DS,"Nov 14, 2005","The Chronicles of Narnia: The Lion, the Witch and the Wardrobe","The Chronicles of Narnia: The Lion, The Witch and The Wardrobe",2005.0
PS2,"Sep 03, 2002",Pac-Man Fever,Pac-Man Fever,2002.0
GC,"Sep 03, 2002",Pac-Man Fever,Pac-Man Fever,2002.0
2600,1977,Indy 500,Indy 500,1977.0
PSV,"Apr 20, 2012",Disgaea 3: Absence of Detention,Disgaea 3: Absence of Detention,2012.0
2600,1978,Flag Capture,Flag Capture,1978.0
X360,"Nov 16, 2005",Gun,Gun,2005.0
Wii,"Oct 15, 2008",Rock Revolution,Rock Revolution,2008.0
PS3,"Nov 11, 2008",Rock Revolution,Rock Revolution,2008.0
X360,"May 22, 2009",Rock Revolution,Rock Revolution,2009.0
Wii,"Mar 09, 2012",LEGO Harry Potter: Years 5-7,LEGO Harry Potter: Years 5-7,2012.0
PC,"Mar 06, 2012",LEGO Harry Potter: Years 5-7,LEGO Harry Potter: Years 5-7,2012.0
PS3,"Nov 11, 2011",LEGO Harry Potter: Years 5-7,LEGO Harry Potter: Years 5-7,2011.0
X360,"Mar 22, 2012",LEGO Harry Potter: Years 5-7,LEGO Harry Potter: Years 5-7,2012.0
PSP,"Mar 06, 2012",LEGO Harry Potter: Years 5-7,LEGO Harry Potter: Years 5-7,2012.0
PSV,"Nov 11, 2011",LEGO Harry Potter: Years 5-7,LEGO Harry Potter: Years 5-7,2011.0
PS2,"Nov 30, 2005",College Hoops 2K6,College Hoops 2K6,2005.0
XB,"Nov 23, 2005",College Hoops 2K6,College Hoops 2K6,2005.0
X360,"Nov 21, 2005",College Hoops 2K6,College Hoops 2K6,2005.0
PC,"Aug 26, 2011",Rugby Challenge,Jonah Lomu Rugby Challenge,2011.0
PS3,"Aug 26, 2011",Rugby Challenge,Jonah Lomu Rugby Challenge,2011.0
X360,"Jun 27, 2012",Rugby Challenge,Jonah Lomu Rugby Challenge,2012.0
PSV,"Aug 26, 2013",Rugby Challenge,Jonah Lomu Rugby Challenge,2013.0
PS2,"Jan 10, 2006",Mega Man X Collection,Mega Man X Collection,2006.0
GC,"Jan 10, 2006",Mega Man X Collection,Mega Man X Collection,2006.0
PC,"Feb 09, 2010",BioShock 2,BioShock 2,2010.0
PS3,"Feb 09, 2010",BioShock 2,BioShock 2,2010.0
X360,"Mar 04, 2010",BioShock 2,BioShock 2,2010.0
PC,"Jun 25, 2010",Singularity,Singularity,2010.0
PS3,"Jul 01, 2010",Singularity,Singularity,2010.0
X360,"Jun 25, 2010",Singularity,Singularity,2010.0
PC,"Nov 25, 2010",Danganronpa: Trigger Happy Havoc,Danganronpa: Trigger Happy Havoc,2010.0
PSP,"Feb 16, 2014",Danganronpa: Trigger Happy Havoc,Danganronpa: Trigger Happy Havoc,2014.0
PSV,"Mar 18, 2016",Danganronpa: Trigger Happy Havoc,Danganronpa: Trigger Happy Havoc,2016.0
Wii,"Nov 14, 2006",Tony Hawk's Downhill Jam,Tony Hawk's Downhill Jam,2006.0
PS2,"May 08, 2007",Tony Hawk's Downhill Jam,Tony Hawk's Downhill Jam,2007.0
PS2,"Oct 23, 2002",Tribes: Aerial Assault,Tribes: Aerial Assault,2002.0
Wii,"Jul 18, 2010",Big Beach Sports 2,Big Beach Sports 2,2010.0
Wii,"Mar 09, 2012",LEGO Harry Potter: Years 5-7,LEGO Harry Potter: Years 5-7,2012.0
PC,"Mar 06, 2012",LEGO Harry Potter: Years 5-7,LEGO Harry Potter: Years 5-7,2012.0
PS3,"Nov 11, 2011",LEGO Harry Potter: Years 5-7,LEGO Harry Potter: Years 5-7,2011.0
X360,"Mar 22, 2012",LEGO Harry Potter: Years 5-7,LEGO Harry Potter: Years 5-7,2012.0
PSP,"Mar 06, 2012",LEGO Harry Potter: Years 5-7,LEGO Harry Potter: Years 5-7,2012.0
PSV,"Nov 11, 2011",LEGO Harry Potter: Years 5-7,LEGO Harry Potter: Years 5-7,2011.0
PS2,"Oct 24, 2004",Yu Yu Hakusho: Ghost Files - Dark Tournament,Yu Yu Hakusho: Dark Tournament,2004.0
PS2,"Sep 23, 2002",Robotech: Battlecry,Robotech: Battlecry,2002.0
XB,"Sep 23, 2002",Robotech: Battlecry,Robotech: Battlecry,2002.0
GC,"Oct 11, 2002",Robotech: Battlecry,Robotech: Battlecry,2002.0
PS3,"Aug 22, 2012",Move Fitness,Move Fitness,2012.0
PSP,"Jan 27, 2011",Valkyria Chronicles 3: Unrecorded Chronicles,Valkyria Chronicles III: Unrecorded Chronicles,2011.0
PC,"Oct 08, 2015",WRC 5 FIA World Rally Championship,WRC: FIA World Rally Championship,2015.0
PS3,"Oct 13, 2015",WRC 5 FIA World Rally Championship,WRC: FIA World Rally Championship,2015.0
X360,"Oct 13, 2015",WRC 5 FIA World Rally Championship,WRC: FIA World Rally Championship,2015.0
PSV,"Oct 13, 2015",WRC 5 FIA World Rally Championship,WRC: FIA World Rally Championship,2015.0
N64,"Nov 28, 1997",Famista 64,Famista 64,1997.0
PC,"Feb 05, 2013",Dead Space 3,Dead Space 3,2013.0
PS3,"Feb 05, 2013",Dead Space 3,Dead Space 3,2013.0
X360,"Feb 05, 2013",Dead Space 3,Dead Space 3,2013.0
PC,"Feb 08, 2011",Test Drive Unlimited 2,Test Drive Unlimited 2,2011.0
PS3,"Feb 08, 2011",Test Drive Unlimited 2,Test Drive Unlimited 2,2011.0
X360,"Feb 10, 2011",Test Drive Unlimited 2,Test Drive Unlimited 2,2011.0
3DS,"Nov 18, 2011",Pet Zombies,Pet Zombies,2011.0
PC,"Dec 15, 2006",Star Trek: Legacy,Star Trek: Legacy,2006.0
X360,"Dec 22, 2006",Star Trek: Legacy,Star Trek: Legacy,2006.0
PS3,"Jun 01, 2010",Backbreaker,Backbreaker,2010.0
X360,"Jun 01, 2010",Backbreaker,Backbreaker,2010.0
PS,"Nov 26, 2001",Twisted Metal: Small Brawl,Twisted Metal: Small Brawl,2001.0
X360,"Apr 21, 2011",Otomedius Excellent,Otomedius Excellent,2011.0
PS2,"Nov 29, 2002",NBA Starting Five,NBA Starting Five,2002.0
XB,"Oct 27, 2002",NBA Starting Five,NBA Starting Five,2002.0
GBA,"Oct 16, 2005",Teen Titans,Teen Titans,2005.0
Wii,"May 18, 2010",Trauma Team,Trauma Team,2010.0
PS3,"Jun 01, 2010",Backbreaker,Backbreaker,2010.0
X360,"Jun 01, 2010",Backbreaker,Backbreaker,2010.0
PS2,"Jun 27, 2002",Kengo 2: Sword of the Samurai,Sword of the Samurai,2002.0
PS3,"Feb 14, 2003",Kengo 2: Sword of the Samurai,Sword of the Samurai,2003.0
PS3,"Nov 23, 2010",Splatterhouse,Splatterhouse,2010.0
X360,"Nov 25, 2010",Splatterhouse,Splatterhouse,2010.0
PS,"May 18, 2001",Alone in the Dark: The New Nightmare,Alone in the Dark: The New Nightmare,2001.0
Wii,"Dec 24, 2009",Vegas Party,Vegas Party,2009.0
PC,"Nov 15, 2011",Jurassic Park: The Game,Jurassic Park: The Game,2011.0
PS3,"Nov 15, 2011",Jurassic Park: The Game,Jurassic Park: The Game,2011.0
X360,"Nov 15, 2011",Jurassic Park: The Game,Jurassic Park: The Game,2011.0
2600,1978,Home Run,Home Run,1978.0
PS2,"Aug 30, 2003",Ejay Clubworld,eJay Clubworld,2003.0
PS2,"Apr 08, 2004",All-Star Baseball 2005,All-Star Baseball 2005,2004.0
XB,"Mar 23, 2004",All-Star Baseball 2005,All-Star Baseball 2005,2004.0
PC,2012,Bejeweled 3,Bejeweled 3,2012.0
PS3,"Nov 15, 2011",Bejeweled 3,Bejeweled 3,2011.0
X360,"Oct 19, 2011",Bejeweled 3,Bejeweled 3,2011.0
DS,"Nov 15, 2011",Bejeweled 3,Bejeweled 3,2011.0
Wii,"Oct 22, 2009",Our House: Party!,Our House Party!,2009.0
N64,"Dec 01, 2000",WCW Backstage Assault,WCW Backstage Assault,2000.0
PS,"Dec 01, 2000",WCW Backstage Assault,WCW Backstage Assault,2000.0
PC,2012,Bejeweled 3,Bejeweled 3,2012.0
PS3,"Nov 15, 2011",Bejeweled 3,Bejeweled 3,2011.0
X360,"Oct 19, 2011",Bejeweled 3,Bejeweled 3,2011.0
DS,"Nov 15, 2011",Bejeweled 3,Bejeweled 3,2011.0
GBA,"Oct 20, 2005",Disney's Cinderella: Magical Dreams,Disney's Cinderella: Magical Dreams,2005.0
PS2,"Nov 14, 2001",TransWorld Surf,Transworld Surf,2001.0
XB,"Apr 30, 2002",TransWorld Surf,Transworld Surf,2002.0
PC,"Feb 20, 2009",Street Fighter IV,Street Fighter IV,2009.0
PS3,"Feb 12, 2009",Street Fighter IV,Street Fighter IV,2009.0
X360,"Jul 18, 2008",Street Fighter IV,Street Fighter IV,2008.0
GC,"Feb 07, 2003",Nintendo Puzzle Collection,Nintendo Puzzle Collection,2003.0
DS,"Oct 20, 2009",Charm Girls Club: My Fashion Mall,Charm Girls Club: My Fashion Mall,2009.0
PC,"Jul 29, 2010",Record of Agarest War Zero,Record of Agarest War Zero,2010.0
PS3,"Jun 14, 2011",Record of Agarest War Zero,Record of Agarest War Zero,2011.0
X360,"Apr 17, 2014",Record of Agarest War Zero,Record of Agarest War Zero,2014.0
PC,"Oct 18, 2011",Rocksmith,Rocksmith,2011.0
PS3,"Oct 18, 2011",Rocksmith,Rocksmith,2011.0
X360,"Oct 16, 2012",Rocksmith,Rocksmith,2012.0
PS2,"Jul 13, 2006",Ape Escape: Million Monkeys,Saru! Get You! Million Monkeys,2006.0
PS2,"Aug 12, 2002",Street Hoops,Street Hoops,2002.0
XB,"Aug 12, 2002",Street Hoops,Street Hoops,2002.0
GC,"Aug 12, 2002",Street Hoops,Street Hoops,2002.0
PC,"Oct 08, 2015",WRC 5 FIA World Rally Championship,WRC: FIA World Rally Championship,2015.0
PS3,"Oct 13, 2015",WRC 5 FIA World Rally Championship,WRC: FIA World Rally Championship,2015.0
X360,"Oct 13, 2015",WRC 5 FIA World Rally Championship,WRC: FIA World Rally Championship,2015.0
PSV,"Oct 13, 2015",WRC 5 FIA World Rally Championship,WRC: FIA World Rally Championship,2015.0
PS2,"Dec 12, 2002",Godzilla: Destroy All Monsters Melee,Godzilla: Destroy All Monsters Melee,2002.0
XB,"Apr 16, 2003",Godzilla: Destroy All Monsters Melee,Godzilla: Destroy All Monsters Melee,2003.0
GC,"Oct 08, 2002",Godzilla: Destroy All Monsters Melee,Godzilla: Destroy All Monsters Melee,2002.0
Wii,"Mar 09, 2010",The Daring Game for Girls,The Daring Game for Girls,2010.0
DS,"Mar 09, 2010",The Daring Game for Girls,The Daring Game for Girls,2010.0
PSP,"Apr 03, 2006",Major League Baseball 2K6,Major League Baseball 2K6,2006.0
Wii,"Nov 20, 2007",Star Trek: Conquest,Star Trek: Conquest,2007.0
PS2,"Nov 20, 2007",Star Trek: Conquest,Star Trek: Conquest,2007.0
GC,"Apr 25, 2003",Giftpia,GiFTPiA,2003.0
Wii,"Dec 08, 2011",Happy Feet Two,Happy Feet Two,2011.0
PS3,"Nov 08, 2011",Happy Feet Two,Happy Feet Two,2011.0
X360,"Nov 11, 2011",Happy Feet Two,Happy Feet Two,2011.0
DS,"Nov 08, 2011",Happy Feet Two,Happy Feet Two,2011.0
3DS,"Nov 08, 2011",Happy Feet Two,Happy Feet Two,2011.0
Wii,"Nov 09, 2006",Disney's Chicken Little: Ace in Action,Disney's Chicken Little: Ace In Action,2006.0
PC,"Dec 01, 2006",Disney's Chicken Little: Ace in Action,Disney's Chicken Little: Ace In Action,2006.0
PS2,"May 17, 2007",Disney's Chicken Little: Ace in Action,Disney's Chicken Little: Ace In Action,2007.0
DS,TBD,Atsumare! Pawapuro-kun no DS Koushien,Atsumare! Power Pro Kun no DS Koushien,
DS,"Jul 23, 2009",My Healthy Cooking Coach,My Healthy Cooking Coach,2009.0
Wii,"Dec 08, 2011",Happy Feet Two,Happy Feet Two,2011.0
PS3,"Nov 08, 2011",Happy Feet Two,Happy Feet Two,2011.0
X360,"Nov 11, 2011",Happy Feet Two,Happy Feet Two,2011.0
DS,"Nov 08, 2011",Happy Feet Two,Happy Feet Two,2011.0
3DS,"Nov 08, 2011",Happy Feet Two,Happy Feet Two,2011.0
Wii,"Dec 08, 2011",Happy Feet Two,Happy Feet Two,2011.0
PS3,"Nov 08, 2011",Happy Feet Two,Happy Feet Two,2011.0
X360,"Nov 11, 2011",Happy Feet Two,Happy Feet Two,2011.0
DS,"Nov 08, 2011",Happy Feet Two,Happy Feet Two,2011.0
3DS,"Nov 08, 2011",Happy Feet Two,Happy Feet Two,2011.0
DS,"Mar 24, 2005",Egg Monster Hero,Egg Monster Hero,2005.0
Wii,"Mar 09, 2010",The Daring Game for Girls,The Daring Game for Girls,2010.0
DS,"Mar 09, 2010",The Daring Game for Girls,The Daring Game for Girls,2010.0
PS2,"Nov 24, 2005",Demon Chaos,Demon Chaos,2005.0
Wii,"Apr 14, 2009",Samurai Shodown Anthology,Samurai Shodown Anthology,2009.0
PS2,"Mar 27, 2009",Samurai Shodown Anthology,Samurai Shodown Anthology,2009.0
PSP,2009,Samurai Shodown Anthology,Samurai Shodown Anthology,2009.0
GBA,"Mar 29, 2003",Super Puzzle Fighter II Turbo,Super Puzzle Fighter II,2003.0
3DS,"Jan 06, 2012",Face Racers: Photo Finish,Face Racers: Photo Finish,2012.0
Wii,"Jul 31, 2008",Zero: Tsukihami no Kamen,Zero: Tsukihami no Kamen,2008.0
3DS,"Nov 03, 2011",The Hidden,The Hidden,2011.0
Wii,"Nov 26, 2010",Get fit with Mel B,Get Fit with Mel B,2010.0
PS3,"Aug 30, 2011",Get fit with Mel B,Get Fit with Mel B,2011.0
X360,"Nov 26, 2010",Get fit with Mel B,Get Fit with Mel B,2010.0
Wii,"Oct 15, 2008",Rock Revolution,Rock Revolution,2008.0
PS3,"Nov 11, 2008",Rock Revolution,Rock Revolution,2008.0
X360,"May 22, 2009",Rock Revolution,Rock Revolution,2009.0
Wii,"Dec 08, 2011",Happy Feet Two,Happy Feet Two,2011.0
PS3,"Nov 08, 2011",Happy Feet Two,Happy Feet Two,2011.0
X360,"Nov 11, 2011",Happy Feet Two,Happy Feet Two,2011.0
DS,"Nov 08, 2011",Happy Feet Two,Happy Feet Two,2011.0
3DS,"Nov 08, 2011",Happy Feet Two,Happy Feet Two,2011.0
XB,"May 13, 2002",Smashing Drive,Smashing Drive,2002.0
GC,"Feb 18, 2002",Smashing Drive,Smashing Drive,2002.0
PC,"Oct 02, 2012",Port Royale 3: Pirates & Merchants,Port Royale 3,2012.0
PS3,"Oct 02, 2012",Port Royale 3: Pirates & Merchants,Port Royale 3,2012.0
X360,"May 04, 2012",Port Royale 3: Pirates & Merchants,Port Royale 3,2012.0
3DS,"Jul 15, 2011",Dream Trigger 3D,Dream Trigger 3D,2011.0
PC,"Apr 23, 2013",Dead Island: Riptide,Dead Island: Riptide,2013.0
PS3,"Apr 26, 2013",Dead Island: Riptide,Dead Island: Riptide,2013.0
X360,"Jul 11, 2013",Dead Island: Riptide,Dead Island: Riptide,2013.0
X360,"Nov 15, 2011",Yoostar on MTV,Yoostar on MTV,2011.0
DS,"Oct 21, 2008",Tornado,Tornado,2008.0
PS2,"Jul 15, 2004",McFarlane's Evil Prophecy,McFarlane's Evil Prophecy,2004.0
PC,"Nov 03, 2003",Drake of the 99 Dragons,Drake of the 99 Dragons,2003.0
XB,"Jun 14, 2004",Drake of the 99 Dragons,Drake of the 99 Dragons,2004.0
Wii,"Mar 23, 2010",Build-A-Bear Workshop: Friendship Valley,Build-A-Bear Workshop: Friendship Valley,2010.0
XB,"Sep 24, 2002",Rayman Arena,Rayman Arena,2002.0
GC,"Sep 24, 2002",Rayman Arena,Rayman Arena,2002.0
PC,"Oct 02, 2012",Port Royale 3: Pirates & Merchants,Port Royale 3,2012.0
PS3,"Oct 02, 2012",Port Royale 3: Pirates & Merchants,Port Royale 3,2012.0
X360,"May 04, 2012",Port Royale 3: Pirates & Merchants,Port Royale 3,2012.0
Wii,"Jun 17, 2011",National Geographic Challenge!,National Geographic Challenge!,2011.0
PC,"Mar 17, 2011",National Geographic Challenge!,National Geographic Challenge!,2011.0
PS3,"Apr 08, 2011",National Geographic Challenge!,National Geographic Challenge!,2011.0
X360,"Apr 08, 2011",National Geographic Challenge!,National Geographic Challenge!,2011.0
DS,"Jul 07, 2006",Alex Rider: Stormbreaker,Alex Rider: Stormbreaker,2006.0
GBA,"Jul 07, 2006",Alex Rider: Stormbreaker,Alex Rider: Stormbreaker,2006.0
DS,"Sep 02, 2006",Chosoju Mecha MG,Chou Soujuu Mecha MG,2006.0
PS2,"Nov 21, 2005",Combat Elite: WWII Paratroopers,Combat Elite: WWII Paratroopers,2005.0
XB,"Nov 21, 2005",Combat Elite: WWII Paratroopers,Combat Elite: WWII Paratroopers,2005.0
Wii,"Oct 19, 2010",Flip's Twisted World,Flip's Twisted World,2010.0
XB,"Mar 14, 2006",Tom Clancy's Rainbow Six: Critical Hour,Tom Clancy's Rainbow Six: Critical Hour,2006.0
Wii,"Jul 15, 2011",Captain America: Super Soldier,Captain America: Super Soldier,2011.0
PC,"Oct 09, 2007",Mountain Bike Adrenaline,Mountain Bike Adrenaline,2007.0
PS2,"Oct 16, 2007",Mountain Bike Adrenaline,Mountain Bike Adrenaline,2007.0
GBA,"Jan 07, 2016",Drill Dozer,Drill Dozer,2016.0
DS,"Jul 19, 2011",Captain America: Super Soldier,Captain America: Super Soldier,2011.0
DS,"Aug 08, 2008",Race Driver: Grid,GRID,2008.0
PS3,"Jul 02, 2011",Tour de France 2011,Tour de France 2011,2011.0
X360,"Jul 02, 2011",Tour de France 2011,Tour de France 2011,2011.0
Wii,"Jun 01, 2011",Reader Rabbit 2nd Grade,Reader Rabbit 2nd Grade,2011.0
PC,"Apr 12, 1999",RollerCoaster Tycoon,RollerCoaster Tycoon,1999.0
XB,"Mar 31, 1999",RollerCoaster Tycoon,RollerCoaster Tycoon,1999.0
Wii,"May 17, 2011",Battle vs. Chess,Battle vs. Chess,2011.0
PC,"May 07, 2007",Battle vs. Chess,Battle vs. Chess,2007.0
PS3,"May 17, 2011",Battle vs. Chess,Battle vs. Chess,2011.0
X360,"Dec 05, 2016",Battle vs. Chess,Battle vs. Chess,2016.0
PC,"May 03, 2011",The History Channel: Great Battles Medieval,The History Channel: Great Battles - Medieval,2011.0
PS3,"May 03, 2011",The History Channel: Great Battles Medieval,The History Channel: Great Battles - Medieval,2011.0
X360,"May 03, 2011",The History Channel: Great Battles Medieval,The History Channel: Great Battles - Medieval,2011.0
PC,"Oct 26, 2016",Clockwork Empires,Clockwork Empires,2016.0
PS,"Jul 09, 1998",B.L.U.E. Legend of Water,B.L.U.E.: Legend of Water,1998.0
PC,"Oct 10, 2019",Grid,GRID,2019.0
PS2,"Sep 25, 2003",NHL Hitz Pro,NHL Hitz Pro,2003.0
XB,"Sep 25, 2003",NHL Hitz Pro,NHL Hitz Pro,2003.0
GC,"Sep 25, 2003",NHL Hitz Pro,NHL Hitz Pro,2003.0
Wii,"Dec 18, 2007",Luxor Pharaoh's Challenge,Luxor: Pharaoh's Challenge,2007.0
PS2,"Dec 18, 2007",Luxor Pharaoh's Challenge,Luxor: Pharaoh's Challenge,2007.0
DS,"Jan 15, 2008",Luxor Pharaoh's Challenge,Luxor: Pharaoh's Challenge,2008.0
PSP,"Nov 20, 2007",Luxor Pharaoh's Challenge,Luxor: Pharaoh's Challenge,2007.0
PS2,"Jan 12, 2006",Sega Rally 2006,Sega Rally 2006,2006.0
Wii,"Mar 04, 2008",Major League Baseball 2K8,Major League Baseball 2K8,2008.0
PS2,"Mar 04, 2008",Major League Baseball 2K8,Major League Baseball 2K8,2008.0
PS3,"Mar 04, 2008",Major League Baseball 2K8,Major League Baseball 2K8,2008.0
X360,"Mar 04, 2008",Major League Baseball 2K8,Major League Baseball 2K8,2008.0
PSP,"Mar 04, 2008",Major League Baseball 2K8,Major League Baseball 2K8,2008.0
GBA,"Mar 12, 2004",Sabre Wulf,Sabre Wulf,2004.0
Wii,"Mar 19, 2009",Broken Sword: Shadow of the Templars - The Director's Cut,Swords,2009.0
PC,"Mar 20, 2009",Broken Sword: Shadow of the Templars - The Director's Cut,Swords,2009.0
3DS,"Jan 19, 2012",Beyond the Labyrinth,Beyond the Labyrinth,2012.0
DS,"Aug 23, 2007",Bikkuriman Daijiten,Bikkuriman Daijiten,2007.0
PSP,"Jun 11, 2010",Fullmetal Alchemist: Brotherhood,Fullmetal Alchemist: Brotherhood,2010.0
PS2,"Nov 21, 2005",Combat Elite: WWII Paratroopers,Combat Elite: WWII Paratroopers,2005.0
XB,"Nov 21, 2005",Combat Elite: WWII Paratroopers,Combat Elite: WWII Paratroopers,2005.0
PC,"Apr 12, 2011",World of Tanks,World of Tanks,2011.0
X360,"Apr 12, 2011",World of Tanks,World of Tanks,2011.0
Wii,"May 17, 2011",Battle vs. Chess,Battle vs. Chess,2011.0
PC,"May 07, 2007",Battle vs. Chess,Battle vs. Chess,2007.0
PS3,"May 17, 2011",Battle vs. Chess,Battle vs. Chess,2011.0
X360,"Dec 05, 2016",Battle vs. Chess,Battle vs. Chess,2016.0
PS2,"Nov 18, 2002",Tom and Jerry in War of the Whiskers,Tom and Jerry in War of the Whiskers,2002.0
XB,"Jan 05, 2003",Tom and Jerry in War of the Whiskers,Tom and Jerry in War of the Whiskers,2003.0
GC,"Dec 06, 2003",Tom and Jerry in War of the Whiskers,Tom and Jerry in War of the Whiskers,2003.0
GBA,"Nov 26, 2003",Super Duper Sumos,Super Duper Sumos,2003.0
PS2,"Jun 23, 2005",The King of Fighters: Maximum Impact - Maniax,The King of Fighters: Maximum Impact - Maniax,2005.0
XB,"Jun 23, 2005",The King of Fighters: Maximum Impact - Maniax,The King of Fighters: Maximum Impact - Maniax,2005.0
Wii,"Apr 27, 2012",Combat Wings: The Great Battles of WWII,Combat Wings: The Great Battles of WWII,2012.0
PS3,"Feb 07, 2012",Combat Wings: The Great Battles of WWII,Combat Wings: The Great Battles of WWII,2012.0
X360,"Feb 10, 2012",Combat Wings: The Great Battles of WWII,Combat Wings: The Great Battles of WWII,2012.0
GC,"Apr 17, 2003",Tube Slider,Tube Slider,2003.0
PSP,"Aug 15, 2006",Payout Poker & Casino,Payout Poker & Casino,2006.0
Wii,"Feb 19, 2009",New Play Control! Metroid Prime,Wii de Asobu: Metroid Prime,2009.0
PC,"Mar 24, 2009",Legacy of Ys: Books I & II,Legacy of Ys: Books I & II,2009.0
PS2,"Feb 24, 2009",Legacy of Ys: Books I & II,Legacy of Ys: Books I & II,2009.0
Wii,"Jul 21, 2009",Saint,Saint,2009.0
DS,"Jun 19, 2009",Steal Princess,Steal Princess,2009.0
3DS,2001,Mario Tennis,Mario Tennis,2001.0
PC,"Nov 26, 2009",Runaway 3: A Twist of Fate,Runaway: A Twist of Fate,2009.0
DS,"May 18, 2010",Runaway 3: A Twist of Fate,Runaway: A Twist of Fate,2010.0
PC,"Sep 09, 2006",Cabela's Alaskan Adventures,Cabela's Alaskan Adventure,2006.0
PS2,"Sep 09, 2006",Cabela's Alaskan Adventures,Cabela's Alaskan Adventure,2006.0
X360,"Sep 09, 2006",Cabela's Alaskan Adventures,Cabela's Alaskan Adventure,2006.0
PS2,"Aug 26, 2004",Virtua Quest,Virtua Quest,2004.0
GC,"Aug 26, 2004",Virtua Quest,Virtua Quest,2004.0
PS2,"Oct 28, 2005",Without Warning,Without Warning,2005.0
XB,"Oct 28, 2005",Without Warning,Without Warning,2005.0
XB,"Jul 23, 2003",Dinotopia: The Sunstone Odyssey,Dinotopia: The Sunstone Odyssey,2003.0
GC,"Aug 03, 2003",Dinotopia: The Sunstone Odyssey,Dinotopia: The Sunstone Odyssey,2003.0
DS,"Feb 08, 2007",Jet Impulse,Jet Impulse,2007.0
DS,"Sep 29, 2009",Dream Dancer,Dream Dancer,2009.0
Wii,"Sep 08, 2010",Dance It's Your Stage,Dance! It's Your Stage,2010.0
PC,"Sep 08, 2010",Dance It's Your Stage,Dance! It's Your Stage,2010.0
PS3,"Sep 08, 2010",Dance It's Your Stage,Dance! It's Your Stage,2010.0
X360,"Sep 08, 2010",Dance It's Your Stage,Dance! It's Your Stage,2010.0
PC,"Oct 20, 2006",Football Manager 2007,Football Manager 2007,2006.0
X360,"Dec 01, 2006",Football Manager 2007,Football Manager 2007,2006.0
Wii,"Dec 26, 2010",Ferrari: The Race Experience,Ferrari: The Race Experience,2010.0
PS3,"Sep 13, 2011",Ferrari: The Race Experience,Ferrari: The Race Experience,2011.0
XB,"Jul 23, 2003",Aquaman: Battle for Atlantis,Aquaman: Battle for Atlantis,2003.0
GC,"Jul 30, 2003",Aquaman: Battle for Atlantis,Aquaman: Battle for Atlantis,2003.0
PC,"Oct 08, 2015",WRC 5 FIA World Rally Championship,WRC: FIA World Rally Championship,2015.0
PS3,"Oct 13, 2015",WRC 5 FIA World Rally Championship,WRC: FIA World Rally Championship,2015.0
X360,"Oct 13, 2015",WRC 5 FIA World Rally Championship,WRC: FIA World Rally Championship,2015.0
PSV,"Oct 13, 2015",WRC 5 FIA World Rally Championship,WRC: FIA World Rally Championship,2015.0
PC,"Feb 25, 2015",Homeworld: Remastered Collection,Homeworld Remastered Collection,2015.0
PC,TBD,Brothers in Arms: Furious 4,Brothers in Arms: Furious 4,
PS3,TBD,Brothers in Arms: Furious 4,Brothers in Arms: Furious 4,
X360,TBD,Brothers in Arms: Furious 4,Brothers in Arms: Furious 4,
Wii,"Jan 25, 2008",PDC World Championship Darts 2008,PDC World Championship Darts 2008,2008.0
PC,"Jan 25, 2008",PDC World Championship Darts 2008,PDC World Championship Darts 2008,2008.0
PS2,"Feb 08, 2008",PDC World Championship Darts 2008,PDC World Championship Darts 2008,2008.0
X360,"Jun 13, 2008",PDC World Championship Darts 2008,PDC World Championship Darts 2008,2008.0
PSP,"Sep 26, 2008",PDC World Championship Darts 2008,PDC World Championship Darts 2008,2008.0
PS2,"Aug 05, 2003",Freaky Flyers,Freaky Flyers,2003.0
XB,"Aug 05, 2003",Freaky Flyers,Freaky Flyers,2003.0
GC,"Aug 08, 2003",Freaky Flyers,Freaky Flyers,2003.0
PC,"Feb 18, 2021",Inversion,Inversion,2021.0
PS2,"Aug 26, 2004",Virtua Quest,Virtua Quest,2004.0
GC,"Aug 26, 2004",Virtua Quest,Virtua Quest,2004.0
